party,year,emissions_gt
Australia,1990,0.42562430701710563
Australia,1991,0.425686444956654
Australia,1992,0.42947308467973067
Australia,1993,0.43038173065699664
Australia,1994,0.4308484979561061
Australia,1995,0.4392698778627952
Australia,1996,0.4458472252887824
Australia,1997,0.45786451041859116
Australia,1998,0.47214583180405567
Australia,1999,0.478136874727016
Australia,2000,0.48952864931922235
Australia,2001,0.4973520253868611
Australia,2002,0.5010008426873185
Australia,2003,0.5011289763189023
Australia,2004,0.5184084376620186
Australia,2005,0.5248118452835623
Australia,2006,0.5292406412144754
Australia,2007,0.5358075516203253
Australia,2008,0.5385907141225664
Australia,2009,0.5414757924670233
Australia,2010,0.5368937378041769
Australia,2011,0.5386638777703595
Australia,2012,0.5418997403024831
Australia,2013,0.5322673348677259
Australia,2014,0.5267117799986517
Australia,2015,0.5349360169616537
Australia,2016,0.5439768123367639
Australia,2017,0.5508748679385018
Australia,2018,0.5524840247164413
Australia,2019,0.5466066243410562
Australia,2020,0.5281494563996167
Australia,2021,
Austria,1990,0.07904723175509915
Austria,1991,0.0827111564135882
Austria,1992,0.07614280906638922
Austria,1993,0.07651786401770973
Austria,1994,0.07672596656086228
Austria,1995,0.07995323792257363
Austria,1996,0.08311292719764508
Austria,1997,0.08271962708802663
Austria,1998,0.0820129004003456
Austria,1999,0.080455150260117
Austria,2000,0.08061936185834054
Austria,2001,0.08451404728892019
Austria,2002,0.08626753846790726
Austria,2003,0.0916363033581774
Austria,2004,0.09142789605187188
Austria,2005,0.09258857965423357
Austria,2006,0.09015866685301092
Austria,2007,0.08737795090821605
Austria,2008,0.0867708186737982
Austria,2009,0.08013703146328643
Austria,2010,0.08469329255807184
Austria,2011,0.08250575616884463
Austria,2012,0.0797883247197534
Austria,2013,0.08022851783170225
Austria,2014,0.07666266178527421
Austria,2015,0.07888446456252683
Austria,2016,0.07982126396788514
Austria,2017,0.08213249225618068
Austria,2018,0.07885437492458884
Austria,2019,0.07999413764006222
Austria,2020,0.07391084267876764
Austria,2021,0.07753235117999221
Belarus,1990,0.14533988567881265
Belarus,1991,0.13971344329639473
Belarus,1992,0.1260312170499305
Belarus,1993,0.11229643352069883
Belarus,1994,0.09634344811706397
Belarus,1995,0.08795598688507339
Belarus,1996,0.08876016151727692
Belarus,1997,0.0890220973047221
Belarus,1998,0.08775792801104222
Belarus,1999,0.08426144507342803
Belarus,2000,0.08114592132134947
Belarus,2001,0.07982585800789742
Belarus,2002,0.0791252757684391
Belarus,2003,0.08087107543309513
Belarus,2004,0.08454580115319921
Belarus,2005,0.08653840302063885
Belarus,2006,0.08985661831697414
Belarus,2007,0.08825097257545199
Belarus,2008,0.09167281971397627
Belarus,2009,0.08971610567659838
Belarus,2010,0.09188426870265985
Belarus,2011,0.09131446779483317
Belarus,2012,0.09243260746039406
Belarus,2013,0.09445641080129472
Belarus,2014,0.09337144420697856
Belarus,2015,0.08830745565719811
Belarus,2016,0.08756330417772168
Belarus,2017,0.08924759587564754
Belarus,2018,0.09220240644637794
Belarus,2019,0.09229163297924688
Belarus,2020,0.08994027706290107
Belarus,2021,0.09198820169097857
Belgium,1990,0.145844473820194
Belgium,1991,0.14857958128529278
Belgium,1992,0.14807774505996787
Belgium,1993,0.1468969331755878
Belgium,1994,0.15144544604443366
Belgium,1995,0.1535798245035352
Belgium,1996,0.1572279539464378
Belgium,1997,0.14882067333679608
Belgium,1998,0.15401288502641328
Belgium,1999,0.1477328211358519
Belgium,2000,0.14887732820150282
Belgium,2001,0.14731907685971318
Belgium,2002,0.14741507177546914
Belgium,2003,0.1477314875344244
Belgium,2004,0.14852392355261657
Belgium,2005,0.14541834637329504
Belgium,2006,0.1427156018393219
Belgium,2007,0.13909079081562592
Belgium,2008,0.13903090695833797
Belgium,2009,0.12643851959281743
Belgium,2010,0.13364429712840556
Belgium,2011,0.12319299131418762
Belgium,2012,0.12044361327065967
Belgium,2013,0.12052371547936211
Belgium,2014,0.11487884670329045
Belgium,2015,0.11899038047983403
Belgium,2016,0.11741956561282563
Belgium,2017,0.11690923634644451
Belgium,2018,0.11758491580492558
Belgium,2019,0.11646371062417114
Belgium,2020,0.10727265406185883
Belgium,2021,0.11095173134654615
Bulgaria,1990,0.0989103375100589
Bulgaria,1991,0.08084321842252985
Bulgaria,1992,0.07532592329870622
Bulgaria,1993,0.07466395075905867
Bulgaria,1994,0.07060526506365121
Bulgaria,1995,0.07216835867276003
Bulgaria,1996,0.07261515365025985
Bulgaria,1997,0.06940156211892277
Bulgaria,1998,0.06535679054359385
Bulgaria,1999,0.05827421187142593
Bulgaria,2000,0.05738745875451909
Bulgaria,2001,0.0602671822271732
Bulgaria,2002,0.05771987905456927
Bulgaria,2003,0.06265886997624506
Bulgaria,2004,0.06176057555349222
Bulgaria,2005,0.06236432037543168
Bulgaria,2006,0.06308840137541151
Bulgaria,2007,0.06700624427635368
Bulgaria,2008,0.06562497530091355
Bulgaria,2009,0.056758596612996745
Bulgaria,2010,0.059383165834319074
Bulgaria,2011,0.06472848351652055
Bulgaria,2012,0.05967571500561144
Bulgaria,2013,0.05445369937162588
Bulgaria,2014,0.0575290228739082
Bulgaria,2015,0.060421395501140625
Bulgaria,2016,0.05777356323431382
Bulgaria,2017,0.05971584067230852
Bulgaria,2018,0.05536184065932889
Bulgaria,2019,0.053942116388778265
Bulgaria,2020,0.04798461534203589
Bulgaria,2021,0.05391726508410001
Canada,1990,0.5886028238444284
Canada,1991,0.5820312216702895
Canada,1992,0.5992426615929295
Canada,1993,0.6017436544355398
Canada,1994,0.6219341289437997
Canada,1995,0.6390702852522435
Canada,1996,0.6607678029939805
Canada,1997,0.6763942243352553
Canada,1998,0.6824348298660472
Canada,1999,0.6945169382513708
Canada,2000,0.7194637136865278
Canada,2001,0.7101718398389998
Canada,2002,0.7154897654960621
Canada,2003,0.7341405465202886
Canada,2004,0.7367254567196602
Canada,2005,0.7322200929937717
Canada,2006,0.7252892228794755
Canada,2007,0.7480700908710177
Canada,2008,0.7308012355870068
Canada,2009,0.6895493184216195
Canada,2010,0.7018675474300764
Canada,2011,0.7113128231873123
Canada,2012,0.716370500321952
Canada,2013,0.7230963044409423
Canada,2014,0.7201954590728362
Canada,2015,0.7229182679779262
Canada,2016,0.7049278674717193
Canada,2017,0.7122338013686699
Canada,2018,0.7246157797806065
Canada,2019,0.7236792904266173
Canada,2020,0.6587883896036918
Canada,2021,0.6704283045378723
Croatia,1990,0.031454182049505654
Croatia,1991,0.02481823437923001
Croatia,1992,0.02293256658935529
Croatia,1993,0.02293042294486198
Croatia,1994,0.022015023672932826
Croatia,1995,0.022686425014166428
Croatia,1996,0.023180048761195234
Croatia,1997,0.024543046493014236
Croatia,1998,0.024667911249129457
Croatia,1999,0.025955207997899826
Croatia,2000,0.02565364726358569
Croatia,2001,0.02684069089021763
Croatia,2002,0.027906893556667006
Croatia,2003,0.029369440381903967
Croatia,2004,0.029386445032258707
Croatia,2005,0.029876440591733965
Croatia,2006,0.030283881349786167
Croatia,2007,0.03172087233461706
Croatia,2008,0.030767538917980612
Croatia,2009,0.028577637610645207
Croatia,2010,0.028171061292020856
Croatia,2011,0.027868670314587823
Croatia,2012,0.02611309800862379
Croatia,2013,0.02489009352259266
Croatia,2014,0.02415718476326256
Croatia,2015,0.024611048154647583
Croatia,2016,0.024833944313946373
Croatia,2017,0.02570930709607025
Croatia,2018,0.024600986811995004
Croatia,2019,0.024799385011949743
Croatia,2020,0.023906817848570832
Croatia,2021,0.024446418231731225
Cyprus,1990,0.005571727811685487
Cyprus,1991,0.00607634944153024
Cyprus,1992,0.00651367456447651
Cyprus,1993,0.006800583923925365
Cyprus,1994,0.007057366490075754
Cyprus,1995,0.006972183054918783
Cyprus,1996,0.0073450281024822735
Cyprus,1997,0.007439032833295902
Cyprus,1998,0.007754896461701197
Cyprus,1999,0.008032289470936125
Cyprus,2000,0.008306443173193779
Cyprus,2001,0.008247747418949432
Cyprus,2002,0.008482312590852943
Cyprus,2003,0.008874123558494127
Cyprus,2004,0.009077631146049474
Cyprus,2005,0.009222441576415212
Cyprus,2006,0.009470487555075542
Cyprus,2007,0.009803649522391086
Cyprus,2008,0.010025399885993887
Cyprus,2009,0.00978997854715473
Cyprus,2010,0.009455867353293164
Cyprus,2011,0.009158463176854967
Cyprus,2012,0.008624684297646804
Cyprus,2013,0.007920234979570166
Cyprus,2014,0.008294915275673744
Cyprus,2015,0.008343271572793527
Cyprus,2016,0.008790122519397406
Cyprus,2017,0.00896606743170521
Cyprus,2018,0.008821195681516547
Cyprus,2019,0.008891618752554375
Cyprus,2020,0.008502857427750891
Cyprus,2021,0.008670015238133424
Czechia,1990,0.19877527153182015
Czechia,1991,0.18085966542842946
Czechia,1992,0.17503484613820625
Czechia,1993,0.16832366868175905
Czechia,1994,0.1594106378902444
Czechia,1995,0.15837195051666741
Czechia,1996,0.16170965127607465
Czechia,1997,0.1572003676524051
Czechia,1998,0.15103459419537915
Czechia,1999,0.14106200751523212
Czechia,2000,0.15113920953375787
Czechia,2001,0.15076015266118276
Czechia,2002,0.14696574943071794
Czechia,2003,0.15015289248229619
Czechia,2004,0.15100998867173088
Czechia,2005,0.14893498799480692
Czechia,2006,0.15016677315367752
Czechia,2007,0.15182989117681425
Czechia,2008,0.1467685864358062
Czechia,2009,0.1372802936613009
Czechia,2010,0.1401675717679914
Czechia,2011,0.13856800191286142
Czechia,2012,0.13461018177386408
Czechia,2013,0.12925170674614261
Czechia,2014,0.12708004139212115
Czechia,2015,0.12850644901590094
Czechia,2016,0.1301069659852731
Czechia,2017,0.13095193561801888
Czechia,2018,0.12918005513198544
Czechia,2019,0.1234512605624349
Czechia,2020,0.11307205225478217
Czechia,2021,0.11838169060542549
Denmark,1990,0.07182093501527356
Denmark,1991,0.08243299573874245
Denmark,1992,0.07651757785143179
Denmark,1993,0.07867086383663424
Denmark,1994,0.08259877103403174
Denmark,1995,0.07974872631546978
Denmark,1996,0.0929286885462225
Denmark,1997,0.08341140809840496
Denmark,1998,0.07945593793904834
Denmark,1999,0.07682489174172316
Denmark,2000,0.0726624487868019
Denmark,2001,0.0743981078605965
Denmark,2002,0.07387115213217971
Denmark,2003,0.07900662258895295
Denmark,2004,0.07306007431236225
Denmark,2005,0.06874818197311817
Denmark,2006,0.07650041365694268
Denmark,2007,0.07188027446396118
Denmark,2008,0.06829135120033311
Denmark,2009,0.06554485635975409
Denmark,2010,0.06585744769665289
Denmark,2011,0.06065262384865774
Denmark,2012,0.05605880832539474
Denmark,2013,0.05777938536213797
Denmark,2014,0.05360889602296179
Denmark,2015,0.05083461940288591
Denmark,2016,0.052906151902954245
Denmark,2017,0.050773914043333195
Denmark,2018,0.05072602155748893
Denmark,2019,0.046941671019645755
Denmark,2020,0.04448380007444337
Denmark,2021,0.04551557908526198
Estonia,1990,0.040276362549513195
Estonia,1991,0.037402714561505186
Estonia,1992,0.027215514696747753
Estonia,1993,0.02175165311583289
Estonia,1994,0.022225022733195654
Estonia,1995,0.020063924469337354
Estonia,1996,0.021007737861659548
Estonia,1997,0.02071924744370987
Estonia,1998,0.01899204106974136
Estonia,1999,0.017829241245953767
Estonia,2000,0.01745333886303412
Estonia,2001,0.017887999897799642
Estonia,2002,0.01730007967465906
Estonia,2003,0.019233276642656703
Estonia,2004,0.019362260520516355
Estonia,2005,0.019140621284684932
Estonia,2006,0.018490054024357598
Estonia,2007,0.02204644173780724
Estonia,2008,0.019941842165167277
Estonia,2009,0.016508258504986103
Estonia,2010,0.02111159503899038
Estonia,2011,0.021079725872828723
Estonia,2012,0.019962929177431116
Estonia,2013,0.021865080329781086
Estonia,2014,0.021040762930853437
Estonia,2015,0.017972591185047543
Estonia,2016,0.019603128667012575
Estonia,2017,0.02089611460785646
Estonia,2018,0.020030103248255843
Estonia,2019,0.014537851647382251
Estonia,2020,0.011407083162753094
Estonia,2021,0.012615171509819088
European Union (Convention),1990,4.860553447865023
European Union (Convention),1991,4.7556194976763635
European Union (Convention),1992,4.605654436023378
European Union (Convention),1993,4.527256345098557
European Union (Convention),1994,4.503905857962807
European Union (Convention),1995,4.5544575572846595
European Union (Convention),1996,4.645355284013922
European Union (Convention),1997,4.574168431254426
European Union (Convention),1998,4.535002614665701
European Union (Convention),1999,4.45898030452088
European Union (Convention),2000,4.446889196270919
European Union (Convention),2001,4.495319801582684
European Union (Convention),2002,4.480931200117772
European Union (Convention),2003,4.561695816783361
European Union (Convention),2004,4.564128221221971
European Union (Convention),2005,4.537296299834187
European Union (Convention),2006,4.533404375745552
European Union (Convention),2007,4.498310539005726
European Union (Convention),2008,4.404071853632181
European Union (Convention),2009,4.089028696362669
European Union (Convention),2010,4.1767941319772515
European Union (Convention),2011,4.066020156645043
European Union (Convention),2012,3.991710900201124
European Union (Convention),2013,3.9051933919545827
European Union (Convention),2014,3.7643330158579036
European Union (Convention),2015,3.8090614742881796
European Union (Convention),2016,3.811406648701867
European Union (Convention),2017,3.832777042593743
European Union (Convention),2018,3.7476558899542014
European Union (Convention),2019,3.5882596058129246
European Union (Convention),2020,3.3004636100149503
European Union (Convention),2021,3.4683940846680135
Finland,1990,0.07108775396261845
Finland,1991,0.06904144926411335
Finland,1992,0.06768154394491036
Finland,1993,0.06991516191134217
Finland,1994,0.0754924106542001
Finland,1995,0.07174358806758356
Finland,1996,0.07772955560944475
Finland,1997,0.07640931395236585
Finland,1998,0.07272718296853332
Finland,1999,0.07204800631703964
Finland,2000,0.07013661497340673
Finland,2001,0.07547478477663387
Finland,2002,0.07788570742729191
Finland,2003,0.08549036893319906
Finland,2004,0.08173942599725492
Finland,2005,0.0697047037406607
Finland,2006,0.08111261076280997
Finland,2007,0.07944135035652627
Finland,2008,0.07131028682329368
Finland,2009,0.0676935790911931
Finland,2010,0.07555595167179578
Finland,2011,0.06781556313020877
Finland,2012,0.062255532912257994
Finland,2013,0.06270093458020655
Finland,2014,0.05851967764818188
Finland,2015,0.055009236758448515
Finland,2016,0.057833195545562203
Finland,2017,0.055030867642559274
Finland,2018,0.05594965611999978
Finland,2019,0.05272608350239061
Finland,2020,0.04775628096703979
Finland,2021,0.04779949035379345
France,1990,0.540830691723612
France,1991,0.5668974261630173
France,1992,0.5572799378957922
France,1993,0.5362444579717817
France,1994,0.5280837958976508
France,1995,0.5341721601227201
France,1996,0.552521597290805
France,1997,0.5449435830394449
France,1998,0.5592842600876162
France,1999,0.5543587704375555
France,2000,0.5487145056501503
France,2001,0.5542832630822243
France,2002,0.548271481894924
France,2003,0.5526094518047159
France,2004,0.552209060632702
France,2005,0.5538994783788981
France,2006,0.5433099254080639
France,2007,0.5335543841830055
France,2008,0.5280881635183394
France,2009,0.5068820991753864
France,2010,0.5111529208408085
France,2011,0.48626432779822887
France,2012,0.48820024808474255
France,2013,0.48790579791121447
France,2014,0.4567510150934993
France,2015,0.460283690766284
France,2016,0.4626416351007919
France,2017,0.46526215452766495
France,2018,0.44707000518617585
France,2019,0.4376466265455071
France,2020,0.3982970307964555
France,2021,0.4200607559362686
Germany,1990,1.2512247820217846
Germany,1991,1.2050645794402581
Germany,1992,1.155625635195283
Germany,1993,1.1463066718871215
Germany,1994,1.1277925707754335
Germany,1995,1.1206608075671864
Germany,1996,1.137868949258957
Germany,1997,1.1021873613480961
Germany,1998,1.0776040521087888
Germany,1999,1.0431808320678393
Germany,2000,1.0401918307374913
Germany,2001,1.0548690731494137
Germany,2002,1.0330378635554802
Germany,2003,1.029390013740585
Germany,2004,1.0102911403540278
Germany,2005,0.9849869707512643
Germany,2006,0.9918973613902655
Germany,2007,0.9648650603174378
Germany,2008,0.9649743186556929
Germany,2009,0.8983360053614668
Germany,2010,0.9323791343375503
Germany,2011,0.9075021586865702
Germany,2012,0.9133477275315437
Germany,2013,0.9335053729951831
Germany,2014,0.8933944200241285
Germany,2015,0.8966578723631193
Germany,2016,0.8985598146406538
Germany,2017,0.8815827789193881
Germany,2018,0.846171189524816
Germany,2019,0.7946336689419402
Germany,2020,0.730922689163224
Germany,2021,0.7603580080578337
Greece,1990,0.10398568654576176
Greece,1991,0.10400631326456984
Greece,1992,0.10528765581789096
Greece,1993,0.10482802553162507
Greece,1994,0.10745757758008047
Greece,1995,0.10958112427883436
Greece,1996,0.11261584276123565
Greece,1997,0.11747046282694361
Greece,1998,0.12299373330469239
Greece,1999,0.12298587498968229
Greece,2000,0.12665945444593693
Greece,2001,0.1277310279390771
Greece,2002,0.12771917342569178
Greece,2003,0.13156900291414808
Greece,2004,0.13221507354936549
Greece,2005,0.13674813906160496
Greece,2006,0.13327070781447714
Greece,2007,0.13585539112081302
Greece,2008,0.13248194250149586
Greece,2009,0.12526138853158425
Greece,2010,0.11915995184704259
Greece,2011,0.11617912320939032
Greece,2012,0.11292394791506064
Greece,2013,0.10326233638486935
Greece,2014,0.09983725805642918
Greece,2015,0.09596528726092017
Greece,2016,0.09227451701634733
Greece,2017,0.09611031732986212
Greece,2018,0.09285712047343356
Greece,2019,0.08615327248765743
Greece,2020,0.075464487330058
Greece,2021,0.07748882832741895
Hungary,1990,0.09498502340001631
Hungary,1991,0.08867484005233968
Hungary,1992,0.07884727517183521
Hungary,1993,0.07986504194609839
Hungary,1994,0.07875064400786402
Hungary,1995,0.07764768130820139
Hungary,1996,0.07980429798907428
Hungary,1997,0.07830828785591927
Hungary,1998,0.07778448543533747
Hungary,1999,0.07824802772768191
Hungary,2000,0.07537831288546408
Hungary,2001,0.0771849789959791
Hungary,2002,0.07547863172184435
Hungary,2003,0.07836770402813055
Hungary,2004,0.07719204976466029
Hungary,2005,0.07695488406575261
Hungary,2006,0.07566029299219554
Hungary,2007,0.0740108348413439
Hungary,2008,0.07195460417938085
Hungary,2009,0.06592448204844142
Hungary,2010,0.0665337863601873
Hungary,2011,0.06487017196404225
Hungary,2012,0.061557117031617196
Hungary,2013,0.058661109496170066
Hungary,2014,0.058993140196885285
Hungary,2015,0.06220109364232352
Hungary,2016,0.06269622138233812
Hungary,2017,0.06507275783380431
Hungary,2018,0.06503363679940245
Hungary,2019,0.06477178798772565
Hungary,2020,0.06296531726143112
Hungary,2021,0.06421784138502935
Iceland,1990,0.0036820449567323494
Iceland,1991,0.003475789967245591
Iceland,1992,0.003409119109929906
Iceland,1993,0.003496415843246273
Iceland,1994,0.003424410184578534
Iceland,1995,0.003554690641108072
Iceland,1996,0.003615808063796697
Iceland,1997,0.003774465760229324
Iceland,1998,0.0039073632618017145
Iceland,1999,0.004123132415455589
Iceland,2000,0.004154228591106366
Iceland,2001,0.004049734405040367
Iceland,2002,0.004143911387559893
Iceland,2003,0.0041068691117782125
Iceland,2004,0.004210917893292449
Iceland,2005,0.004059339955606423
Iceland,2006,0.0046194184736026754
Iceland,2007,0.004924318055458562
Iceland,2008,0.005307800550569595
Iceland,2009,0.005001504089541084
Iceland,2010,0.004906351342483006
Iceland,2011,0.004692247217385131
Iceland,2012,0.004686900081194312
Iceland,2013,0.004694672122555327
Iceland,2014,0.004687515325664641
Iceland,2015,0.0047727083329374455
Iceland,2016,0.004715537093303604
Iceland,2017,0.004799699174130512
Iceland,2018,0.004870413997352613
Iceland,2019,0.004723898079044431
Iceland,2020,0.004521059266209522
Iceland,2021,0.004662239514960989
Ireland,1990,0.05564283600014751
Ireland,1991,0.056553462803865855
Ireland,1992,0.05658955754714207
Ireland,1993,0.057186825920114384
Ireland,1994,0.05859362412214629
Ireland,1995,0.060080657710709896
Ireland,1996,0.06224516813145973
Ireland,1997,0.06368361577143689
Ireland,1998,0.06629245599229093
Ireland,1999,0.06752340874173564
Ireland,2000,0.06971238242934792
Ireland,2001,0.0718144543098089
Ireland,2002,0.06997520042390282
Ireland,2003,0.07046849743623965
Ireland,2004,0.06972302346783421
Ireland,2005,0.07153147891096479
Ireland,2006,0.07101946340070855
Ireland,2007,0.06987486699083126
Ireland,2008,0.06933043544975463
Ireland,2009,0.06352825857328334
Ireland,2010,0.06303216198707896
Ireland,2011,0.058852525709081505
Ireland,2012,0.05993950723250403
Ireland,2013,0.05971160657991649
Ireland,2014,0.05922074208123953
Ireland,2015,0.061724028312110886
Ireland,2016,0.06400535717011129
Ireland,2017,0.063424534744706
Ireland,2018,0.063734108308296
Ireland,2019,0.061165038621593906
Ireland,2020,0.0590563005943482
Ireland,2021,0.06210986923806549
Italy,1990,0.5214803376602325
Italy,1991,0.5226966663317838
Italy,1992,0.5219913479592586
Italy,1993,0.5151599649306131
Italy,1994,0.5093713878546212
Italy,1995,0.5356537085150072
Italy,1996,0.530375912969233
Italy,1997,0.5381113679932973
Italy,1998,0.5505859913465071
Italy,1999,0.5561403785809748
Italy,2000,0.559978141724162
Italy,2001,0.5618399539627755
Italy,2002,0.5677530807842279
Italy,2003,0.5872478885906676
Italy,2004,0.5929034234941524
Italy,2005,0.5941973806370043
Italy,2006,0.5840530719655683
Italy,2007,0.5788144759464087
Italy,2008,0.5662429713549032
Italy,2009,0.5116549935056384
Italy,2010,0.5234656995954835
Italy,2011,0.5108546122946139
Italy,2012,0.49194991287324663
Italy,2013,0.4564757243060313
Italy,2014,0.4353993323112861
Italy,2015,0.44573565047548397
Italy,2016,0.44296227788443465
Italy,2017,0.43734097889997836
Italy,2018,0.43363090691174877
Italy,2019,0.42227617298835407
Italy,2020,0.3849698768889378
Italy,2021,0.4175914335986011
Japan,1990,1.2693340277935523
Japan,1991,1.2837962941880254
Japan,1992,1.2956120203380186
Japan,1993,1.2913921393465406
Japan,1994,1.3524297605521785
Japan,1995,1.3738182536209318
Japan,1996,1.3867476028350396
Japan,1997,1.3788102378583307
Japan,1998,1.330304186558524
Japan,1999,1.3536624034976357
Japan,2000,1.3733034195443359
Japan,2001,1.347561425447126
Japan,2002,1.3716138772792483
Japan,2003,1.3784520318559639
Japan,2004,1.369829300143581
Japan,2005,1.3774638762485654
Japan,2006,1.3560802467625568
Japan,2007,1.3913002596107418
Japan,2008,1.318507415320218
Japan,2009,1.2465496220512757
Japan,2010,1.3000467478132924
Japan,2011,1.3507411359555983
Japan,2012,1.3935941563813652
Japan,2013,1.4053504238756394
Japan,2014,1.3565110219224756
Japan,2015,1.3178361955129585
Japan,2016,1.3001467732284695
Japan,2017,1.286736263168755
Japan,2018,1.2427157071336759
Japan,2019,1.207742416489948
Japan,2020,1.1449324969955172
Japan,2021,1.1680944654751866
Kazakhstan,1990,0.3866827901058637
Kazakhstan,1991,0.3745359769265712
Kazakhstan,1992,0.3516636849581223
Kazakhstan,1993,0.318608870353116
Kazakhstan,1994,0.27334282025725004
Kazakhstan,1995,0.2605676930868087
Kazakhstan,1996,0.24787300772239365
Kazakhstan,1997,0.24436763909910128
Kazakhstan,1998,0.2529750429470108
Kazakhstan,1999,0.22466118113247616
Kazakhstan,2000,0.2604341235566549
Kazakhstan,2001,0.2473865071535226
Kazakhstan,2002,0.2639953710842155
Kazakhstan,2003,0.2780295220314027
Kazakhstan,2004,0.2829227734308322
Kazakhstan,2005,0.2874663916136871
Kazakhstan,2006,0.30169478803067046
Kazakhstan,2007,0.30387367772092455
Kazakhstan,2008,0.30070791730026675
Kazakhstan,2009,0.29488925849935654
Kazakhstan,2010,0.3158555060059266
Kazakhstan,2011,0.3061122693871929
Kazakhstan,2012,0.3116855655014733
Kazakhstan,2013,0.3208695383746923
Kazakhstan,2014,0.342321121681425
Kazakhstan,2015,0.34682710852182036
Kazakhstan,2016,0.34678734411029283
Kazakhstan,2017,0.3666567977565419
Kazakhstan,2018,0.3838365654900617
Kazakhstan,2019,0.352690653615004
Kazakhstan,2020,0.3339709616971519
Kazakhstan,2021,0.3381233577799198
Latvia,1990,0.0260227043960204
Latvia,1991,0.024132741936183696
Latvia,1992,0.019362024800664214
Latvia,1993,0.01590534812862289
Latvia,1994,0.013958296295764273
Latvia,1995,0.012589831865927823
Latvia,1996,0.012639333679928295
Latvia,1997,0.012080471450513858
Latvia,1998,0.011576365290925672
Latvia,1999,0.010790397956794071
Latvia,2000,0.010167782099937045
Latvia,2001,0.010760025182398391
Latvia,2002,0.010727985608653052
Latvia,2003,0.010921156978836133
Latvia,2004,0.010862712200253758
Latvia,2005,0.011020373906919791
Latvia,2006,0.011489430337418002
Latvia,2007,0.011935994262571411
Latvia,2008,0.011475378329790523
Latvia,2009,0.010790555344478647
Latvia,2010,0.011857883416261816
Latvia,2011,0.011066320512611607
Latvia,2012,0.010884333414689954
Latvia,2013,0.01080042514319762
Latvia,2014,0.010712576490503134
Latvia,2015,0.01074478719673009
Latvia,2016,0.010742113272578322
Latvia,2017,0.01077609871887958
Latvia,2018,0.01127233036720064
Latvia,2019,0.011131865164114369
Latvia,2020,0.010483142878618604
Latvia,2021,0.010725292025601862
Liechtenstein,1990,0.00022964478782480316
Liechtenstein,1991,0.0002371733108033663
Liechtenstein,1992,0.00023731776325039408
Liechtenstein,1993,0.0002443527565886642
Liechtenstein,1994,0.0002306802941487635
Liechtenstein,1995,0.00023441317499573776
Liechtenstein,1996,0.00023673338771284592
Liechtenstein,1997,0.0002492351821133952
Liechtenstein,1998,0.00026018178982477856
Liechtenstein,1999,0.00025709371835695315
Liechtenstein,2000,0.0002476296698074383
Liechtenstein,2001,0.0002472615636280238
Liechtenstein,2002,0.0002536127378006793
Liechtenstein,2003,0.0002637132736062924
Liechtenstein,2004,0.0002639525261729152
Liechtenstein,2005,0.00026452260266260607
Liechtenstein,2006,0.00026816701123586546
Liechtenstein,2007,0.00023894330492055843
Liechtenstein,2008,0.00025860349763773337
Liechtenstein,2009,0.00024380390969915055
Liechtenstein,2010,0.0002288285446339444
Liechtenstein,2011,0.00021593923046881968
Liechtenstein,2012,0.00022515229224656874
Liechtenstein,2013,0.00023130599187428072
Liechtenstein,2014,0.00020025370974802647
Liechtenstein,2015,0.00019863585144632443
Liechtenstein,2016,0.00018830678035555376
Liechtenstein,2017,0.00019391466448794367
Liechtenstein,2018,0.00018170970584009064
Liechtenstein,2019,0.00018832273961149086
Liechtenstein,2020,0.00018087137600695028
Liechtenstein,2021,0.00018390422087040268
Lithuania,1990,0.04813454250690195
Lithuania,1991,0.05010069254161651
Lithuania,1992,0.031026927096582457
Lithuania,1993,0.024901782962507894
Lithuania,1994,0.023515737162317047
Lithuania,1995,0.02248603981264215
Lithuania,1996,0.023469120159018447
Lithuania,1997,0.023021510413601478
Lithuania,1998,0.02391269360081668
Lithuania,1999,0.02109826346738697
Lithuania,2000,0.019493645805754176
Lithuania,2001,0.020266178078015076
Lithuania,2002,0.02062606968713524
Lithuania,2003,0.020792927244476827
Lithuania,2004,0.021592717842295845
Lithuania,2005,0.022439798665136644
Lithuania,2006,0.02275609940684292
Lithuania,2007,0.02473003128987978
Lithuania,2008,0.023832423963635153
Lithuania,2009,0.0198261291975794
Lithuania,2010,0.02074177031725058
Lithuania,2011,0.02110452440263251
Lithuania,2012,0.021085975555367117
Lithuania,2013,0.019954614737085
Lithuania,2014,0.01985726429463502
Lithuania,2015,0.02015505583452764
Lithuania,2016,0.020220166653829145
Lithuania,2017,0.02034484902160191
Lithuania,2018,0.020013483273549043
Lithuania,2019,0.02024463821295296
Lithuania,2020,0.020165726378879503
Lithuania,2021,0.02025151124808239
Luxembourg,1990,0.012722411900992521
Luxembourg,1991,0.01335327727225802
Luxembourg,1992,0.013118287067121905
Luxembourg,1993,0.013281349880462822
Luxembourg,1994,0.012447630378654638
Luxembourg,1995,0.01007852389703484
Luxembourg,1996,0.010141467770268543
Luxembourg,1997,0.00949470277697541
Luxembourg,1998,0.008590875716497437
Luxembourg,1999,0.009051266283462736
Luxembourg,2000,0.00963499570256038
Luxembourg,2001,0.010137261301471644
Luxembourg,2002,0.010915324378728171
Luxembourg,2003,0.011366756732655662
Luxembourg,2004,0.012740933020019326
Luxembourg,2005,0.012993834077713708
Luxembourg,2006,0.012824482917364466
Luxembourg,2007,0.012236272062963472
Luxembourg,2008,0.01212620826602911
Luxembourg,2009,0.011584163432957486
Luxembourg,2010,0.01215904505908896
Luxembourg,2011,0.012040480313314143
Luxembourg,2012,0.011804174421026077
Luxembourg,2013,0.0112813105459474
Luxembourg,2014,0.010785435987565775
Luxembourg,2015,0.010313874921899316
Luxembourg,2016,0.010077823419039834
Luxembourg,2017,0.010259736237497132
Luxembourg,2018,0.010563275854194809
Luxembourg,2019,0.01073999295074641
Luxembourg,2020,0.009029899171868389
Luxembourg,2021,0.009390729934326806
Malta,1990,0.0026264307770354376
Malta,1991,0.0024800684208601577
Malta,1992,0.0025131065183816924
Malta,1993,0.0031158056708815995
Malta,1994,0.0028941337895176575
Malta,1995,0.002691063681069458
Malta,1996,0.0027818055922104444
Malta,1997,0.00281348873633053
Malta,1998,0.002787664653642264
Malta,1999,0.0028451082166350964
Malta,2000,0.0027497144533475417
Malta,2001,0.0030259873980698674
Malta,2002,0.003046791927458501
Malta,2003,0.0032690413290963898
Malta,2004,0.0031760818270672258
Malta,2005,0.0029976630236384313
Malta,2006,0.0030522351119804045
Malta,2007,0.0031398280892689845
Malta,2008,0.0030198881700093747
Malta,2009,0.0028852616509401764
Malta,2010,0.0029623300859593625
Malta,2011,0.0029610563981129277
Malta,2012,0.00312627085874142
Malta,2013,0.002799150228795701
Malta,2014,0.002807205756025197
Malta,2015,0.0021291623104137906
Malta,2016,0.0018469604668368428
Malta,2017,0.0020283822211792724
Malta,2018,0.002037803103238901
Malta,2019,0.0021499256585732454
Malta,2020,0.002111859116755312
Malta,2021,0.002133618736826443
Monaco,1990,0.00010245956193710488
Monaco,1991,0.00010331195962316293
Monaco,1992,0.0001089565253525366
Monaco,1993,0.00010810795789045328
Monaco,1994,0.00010880269706078335
Monaco,1995,0.00010543663826169421
Monaco,1996,0.00010922933201914008
Monaco,1997,0.00010785287602133448
Monaco,1998,0.00010694753076310948
Monaco,1999,0.00010815662366627733
Monaco,2000,0.00010628890195994332
Monaco,2001,0.00010673047016181857
Monaco,2002,0.00010710508779240704
Monaco,2003,0.00010408770255588275
Monaco,2004,9.885623310902243e-05
Monaco,2005,9.774010053227067e-05
Monaco,2006,9.330133432493648e-05
Monaco,2007,9.312224001746796e-05
Monaco,2008,9.38011319780268e-05
Monaco,2009,9.014597456326112e-05
Monaco,2010,8.775892090907214e-05
Monaco,2011,8.629697023816473e-05
Monaco,2012,8.913413754002047e-05
Monaco,2013,9.112665737649576e-05
Monaco,2014,8.519760474078656e-05
Monaco,2015,8.821331010966603e-05
Monaco,2016,8.642891011081003e-05
Monaco,2017,8.333283988906781e-05
Monaco,2018,8.666759096113051e-05
Monaco,2019,8.30093129268974e-05
Monaco,2020,6.976156958190525e-05
Monaco,2021,7.363276189518574e-05
Netherlands,1990,0.22178103541224226
Netherlands,1991,0.22971198854328476
Netherlands,1992,0.23015110415331938
Netherlands,1993,0.23046425338690113
Netherlands,1994,0.23119985703721718
Netherlands,1995,0.23130556967909852
Netherlands,1996,0.2416620940571475
Netherlands,1997,0.23332850096337474
Netherlands,1998,0.2335401574296105
Netherlands,1999,0.22107111572631027
Netherlands,2000,0.21945492026075678
Netherlands,2001,0.22058320300419998
Netherlands,2002,0.2182565347859683
Netherlands,2003,0.21899383056424931
Netherlands,2004,0.22047899897158435
Netherlands,2005,0.21466694782552936
Netherlands,2006,0.20952376449950036
Netherlands,2007,0.20807785325659636
Netherlands,2008,0.2079414098063994
Netherlands,2009,0.20230072298412008
Netherlands,2010,0.2142366370088305
Netherlands,2011,0.1999229241241126
Netherlands,2012,0.19558175150401674
Netherlands,2013,0.19527802167210914
Netherlands,2014,0.1870535812381114
Netherlands,2015,0.19401591383458447
Netherlands,2016,0.19464448791894107
Netherlands,2017,0.19199116557862575
Netherlands,2018,0.18675963252777483
Netherlands,2019,0.18093686507612508
Netherlands,2020,0.16436779321282788
Netherlands,2021,0.1671532451103156
New Zealand,1990,0.06472007144791342
New Zealand,1991,0.06568843175072184
New Zealand,1992,0.06683498229461636
New Zealand,1993,0.0666938261003733
New Zealand,1994,0.06785923208399183
New Zealand,1995,0.06839469624790785
New Zealand,1996,0.07055154180564668
New Zealand,1997,0.07338151697516453
New Zealand,1998,0.07118687249626703
New Zealand,1999,0.07297547198985044
New Zealand,2000,0.07485047246805869
New Zealand,2001,0.07775579045087826
New Zealand,2002,0.07768244083978035
New Zealand,2003,0.07982739168317152
New Zealand,2004,0.0796692417746139
New Zealand,2005,0.08175217601302592
New Zealand,2006,0.08177336222943006
New Zealand,2007,0.07967333248789106
New Zealand,2008,0.07935040306673916
New Zealand,2009,0.0766473103779649
New Zealand,2010,0.07732802269847885
New Zealand,2011,0.07710614782953101
New Zealand,2012,0.07908691351051153
New Zealand,2013,0.0784300061364678
New Zealand,2014,0.07921262523132418
New Zealand,2015,0.07903698895216832
New Zealand,2016,0.07693022399174719
New Zealand,2017,0.07851140044132048
New Zealand,2018,0.0787763011892705
New Zealand,2019,0.07998979346760593
New Zealand,2020,0.07733066086962972
New Zealand,2021,0.07682458718178982
Norway,1990,0.05071244625624105
Norway,1991,0.048339039371300775
Norway,1992,0.046706767134393624
Norway,1993,0.04859868471915581
Norway,1994,0.050502106538321656
Norway,1995,0.05083445940580235
Norway,1996,0.05371733923463687
Norway,1997,0.05369341396520505
Norway,1998,0.05376544456828693
Norway,1999,0.05474137376152859
Norway,2000,0.05407415870321684
Norway,2001,0.05529861770613428
Norway,2002,0.0541729128780597
Norway,2003,0.05494755094564523
Norway,2004,0.0554279768109441
Norway,2005,0.05447172346084516
Norway,2006,0.05456893701362508
Norway,2007,0.05627286622959304
Norway,2008,0.054881821081651815
Norway,2009,0.05254105943398074
Norway,2010,0.05492506077138701
Norway,2011,0.05399914698098809
Norway,2012,0.053380666561692616
Norway,2013,0.05361508381411749
Norway,2014,0.053906696413857605
Norway,2015,0.054362816318011785
Norway,2016,0.053447034810093885
Norway,2017,0.052678814486875884
Norway,2018,0.05270296884739165
Norway,2019,0.05095821851942659
Norway,2020,0.04921463539933913
Norway,2021,0.048901955332261285
Poland,1990,0.474554322342134
Poland,1991,0.46318004153648823
Poland,1992,0.4508566356479532
Poland,1993,0.4509373423827361
Poland,1994,0.44482753276648707
Poland,1995,0.44673187337676024
Poland,1996,0.46038354000717857
Poland,1997,0.45001232800735225
Poland,1998,0.41938976831888597
Poland,1999,0.4075317971237807
Poland,2000,0.39399272743607694
Poland,2001,0.39252296882508114
Poland,2002,0.3823018169912502
Poland,2003,0.395538579156532
Poland,2004,0.4007994287063374
Poland,2005,0.4007086889875957
Poland,2006,0.4153412988538061
Poland,2007,0.4146528292932808
Poland,2008,0.40785717853880854
Poland,2009,0.38982681635801286
Poland,2010,0.40723696078142463
Poland,2011,0.4057987573013709
Poland,2012,0.39790073476331594
Poland,2013,0.393881538492464
Poland,2014,0.381064717613607
Poland,2015,0.3833953303360203
Poland,2016,0.3943152691541479
Poland,2017,0.40900317541056896
Poland,2018,0.4090039479019784
Poland,2019,0.38638636338842547
Poland,2020,0.3713124329242126
Poland,2021,0.39943848901317197
Portugal,1990,0.05947335473937497
Portugal,1991,0.06139748790964025
Portugal,1992,0.0652431112822155
Portugal,1993,0.06374546885833716
Portugal,1994,0.06465262646142284
Portugal,1995,0.06930634382605783
Portugal,1996,0.06701282493551866
Portugal,1997,0.07019949747763088
Portugal,1998,0.07505869904036938
Portugal,1999,0.08316863688104992
Portugal,2000,0.08242002026373903
Portugal,2001,0.08193994494332371
Portugal,2002,0.08639495184712528
Portugal,2003,0.08129914960873623
Portugal,2004,0.08452057139497934
Portugal,2005,0.0864892191467621
Portugal,2006,0.08164947159633867
Portugal,2007,0.07932544549046085
Portugal,2008,0.07690051429353865
Portugal,2009,0.07381010944164018
Portugal,2010,0.06952986058840809
Portugal,2011,0.06805817479450692
Portugal,2012,0.06607680958577873
Portugal,2013,0.06415674879474281
Portugal,2014,0.06404175800424398
Portugal,2015,0.06817864459756165
Portugal,2016,0.06635193585523692
Portugal,2017,0.07140399847972664
Portugal,2018,0.06776499308337045
Portugal,2019,0.06411550619892482
Portugal,2020,0.05802934780094074
Portugal,2021,0.05635940719254325
Romania,1990,0.25713718291710913
Romania,1991,0.2104083283621971
Romania,1992,0.19485667144689706
Romania,1993,0.18439386526965187
Romania,1994,0.18184545519949405
Romania,1995,0.1887418140222482
Romania,1996,0.19173616309246644
Romania,1997,0.18515258669828874
Romania,1998,0.16818519378524638
Romania,1999,0.15029007174714923
Romania,2000,0.142238310366946
Romania,2001,0.14598234360384824
Romania,2002,0.14799876489586422
Romania,2003,0.15386269678839407
Romania,2004,0.15212161200834973
Romania,2005,0.15132709841184272
Romania,2006,0.15235049743695792
Romania,2007,0.1559307778657804
Romania,2008,0.1528975571723738
Romania,2009,0.1312938737377695
Romania,2010,0.12666990689480775
Romania,2011,0.13287106780773392
Romania,2012,0.13069330909452223
Romania,2013,0.11872166759291246
Romania,2014,0.11821481298483123
Romania,2015,0.11709980640345946
Romania,2016,0.1153101637575458
Romania,2017,0.11835866106500567
Romania,2018,0.11923680046720052
Romania,2019,0.11576275453877123
Romania,2020,0.11203603865103626
Romania,2021,0.1154031516033109
Russian Federation,1990,3.1665790510319014
Russian Federation,1991,3.0053193964110605
Russian Federation,1992,2.5246180445963295
Russian Federation,1993,2.385612003282474
Russian Federation,1994,2.1228124029064985
Russian Federation,1995,2.0707114873108257
Russian Federation,1996,2.019459808607601
Russian Federation,1997,1.9018042055407995
Russian Federation,1998,1.870018309789547
Russian Federation,1999,1.9005037158563505
Russian Federation,2000,1.8950013844620517
Russian Federation,2001,1.9286199536650572
Russian Federation,2002,1.9085018660386932
Russian Federation,2003,1.9401177999604629
Russian Federation,2004,1.9526171568829194
Russian Federation,2005,1.970602687171546
Russian Federation,2006,2.030163083939295
Russian Federation,2007,2.0301222631329336
Russian Federation,2008,2.059490289291669
Russian Federation,2009,1.9250381803326178
Russian Federation,2010,2.019393430265395
Russian Federation,2011,2.076058193262399
Russian Federation,2012,2.1009465194569756
Russian Federation,2013,2.0418052065549084
Russian Federation,2014,2.0376433138224805
Russian Federation,2015,2.0333349628760278
Russian Federation,2016,2.03396836199881
Russian Federation,2017,2.08264432313239
Russian Federation,2018,2.1452413803663184
Russian Federation,2019,2.136517947215497
Russian Federation,2020,2.0611098589416583
Russian Federation,2021,2.156599340084509
Slovakia,1990,0.07373866978283292
Slovakia,1991,0.06434341314882076
Slovakia,1992,0.058624787503618055
Slovakia,1993,0.05524288191821568
Slovakia,1994,0.05268666144410409
Slovakia,1995,0.05317997357867129
Slovakia,1996,0.05299795936410307
Slovakia,1997,0.052819658457663225
Slovakia,1998,0.05211831048678742
Slovakia,1999,0.050854293847280005
Slovakia,2000,0.04898621045385743
Slovakia,2001,0.05125663094230085
Slovakia,2002,0.04987014887126095
Slovakia,2003,0.04997349894653683
Slovakia,2004,0.05067997154703243
Slovakia,2005,0.05066631275191574
Slovakia,2006,0.050444973216240106
Slovakia,2007,0.04869937816663213
Slovakia,2008,0.0492141633887053
Slovakia,2009,0.04495541175117003
Slovakia,2010,0.04576663121509287
Slovakia,2011,0.04483989583694146
Slovakia,2012,0.04245137486410281
Slovakia,2013,0.042131216643806695
Slovakia,2014,0.04014020427984629
Slovakia,2015,0.040869576998882544
Slovakia,2016,0.04131867118031366
Slovakia,2017,0.04241928131691703
Slovakia,2018,0.04227642986415653
Slovakia,2019,0.039955727134466844
Slovakia,2020,0.03718788947925809
Slovakia,2021,0.04122649357881563
Slovenia,1990,0.01879764778314313
Slovenia,1991,0.017447821539248565
Slovenia,1992,0.017432259336015332
Slovenia,1993,0.017667815782161474
Slovenia,1994,0.01808234227232341
Slovenia,1995,0.018863252857506348
Slovenia,1996,0.019463616082083343
Slovenia,1997,0.02000394394588307
Slovenia,1998,0.019600928883443402
Slovenia,1999,0.018985921037615143
Slovenia,2000,0.01876938080744517
Slovenia,2001,0.020040569499593486
Slovenia,2002,0.020318614670689017
Slovenia,2003,0.019987827706361132
Slovenia,2004,0.020386443134738332
Slovenia,2005,0.02064329160823714
Slovenia,2006,0.020833673464439168
Slovenia,2007,0.021020410270391192
Slovenia,2008,0.02174329269126389
Slovenia,2009,0.01956659819158634
Slovenia,2010,0.01979792741421541
Slovenia,2011,0.01971601103075885
Slovenia,2012,0.019083137553200073
Slovenia,2013,0.01838200457813237
Slovenia,2014,0.016726123333991944
Slovenia,2015,0.01691246539968917
Slovenia,2016,0.01779002676668252
Slovenia,2017,0.017870427766285835
Slovenia,2018,0.017689130652186934
Slovenia,2019,0.017204826601807718
Slovenia,2020,0.015974783488388333
Slovenia,2021,0.01610647722729196
Spain,1990,0.2877102723640255
Spain,1991,0.2954428031166119
Spain,1992,0.3048338414577959
Spain,1993,0.29473341280607634
Spain,1994,0.31088552717444484
Spain,1995,0.3270110464692878
Spain,1996,0.3185432640857484
Spain,1997,0.3326196507893869
Spain,1998,0.3421829762764626
Spain,1999,0.36836263734854724
Spain,2000,0.3832763610381732
Spain,2001,0.38204283576198733
Spain,2002,0.4007224463299559
Spain,2003,0.4079287679298864
Spain,2004,0.42358974120327225
Spain,2005,0.43875963228833587
Spain,2006,0.4320967333352173
Spain,2007,0.44283179822736946
Spain,2008,0.4091745181428354
Spain,2009,0.36981112679554695
Spain,2010,0.3546522792571177
Spain,2011,0.3546321532882035
Spain,2012,0.34750926635018103
Spain,2013,0.32045233249420435
Spain,2014,0.3219374343545846
Spain,2015,0.3336234076798377
Spain,2016,0.3216496957191101
Spain,2017,0.3347035210149976
Spain,2018,0.32890509403329865
Spain,2019,0.30981416654012506
Spain,2020,0.2722443621210885
Spain,2021,0.2888478155113274
Sweden,1990,0.07147831263971414
Sweden,1991,0.07158778238951057
Sweden,1992,0.07125263622545594
Sweden,1993,0.07146807401187608
Sweden,1994,0.07394029700205941
Sweden,1995,0.073326172171143
Sweden,1996,0.0772389969967179
Sweden,1997,0.07234571564560445
Sweden,1998,0.07273423262672563
Sweden,1999,0.06960278717253823
Sweden,2000,0.06834911129311796
Sweden,2001,0.06912853469181877
Sweden,2002,0.06973520963878412
Sweden,2003,0.07007145655593061
Sweden,2004,0.06941033442549456
Sweden,2005,0.06654092516957996
Sweden,2006,0.06618371640291959
Sweden,2007,0.06503487666301634
Sweden,2008,0.0626279915367284
Sweden,2009,0.0583952554267099
Sweden,2010,0.06437565006099089
Sweden,2011,0.06001226326590443
Sweden,2012,0.05710854523211572
Sweden,2013,0.05547354583699926
Sweden,2014,0.0537294133514532
Sweden,2015,0.05355722498536856
Sweden,2016,0.05346824837104601
Sweden,2017,0.05256266123290778
Sweden,2018,0.051784169323273094
Sweden,2019,0.05060724019767741
Sweden,2020,0.04621402857889871
Sweden,2021,0.047816701388838215
Switzerland,1990,0.05493387865111361
Switzerland,1991,0.0568182550036635
Switzerland,1992,0.056567895585046706
Switzerland,1993,0.053980311657070644
Switzerland,1994,0.05292934388829911
Switzerland,1995,0.05381843192695257
Switzerland,1996,0.05446839389143239
Switzerland,1997,0.053252235180014706
Switzerland,1998,0.054784056086545206
Switzerland,1999,0.05458578728726494
Switzerland,2000,0.05383934368489881
Switzerland,2001,0.055364277678336696
Switzerland,2002,0.05380830121938506
Switzerland,2003,0.05487035823855533
Switzerland,2004,0.055465746137461976
Switzerland,2005,0.05608986010289764
Switzerland,2006,0.05575881110993998
Switzerland,2007,0.0538169855383098
Switzerland,2008,0.05521116779928032
Switzerland,2009,0.053726264862707145
Switzerland,2010,0.055306849621554084
Switzerland,2011,0.05118629259980723
Switzerland,2012,0.05251628479779902
Switzerland,2013,0.05336183861487669
Switzerland,2014,0.04942548029144421
Switzerland,2015,0.04890348393080708
Switzerland,2016,0.04921197586572474
Switzerland,2017,0.04824513356409368
Switzerland,2018,0.04674116903189236
Switzerland,2019,0.04647047258473198
Switzerland,2020,0.04378973694740407
Switzerland,2021,0.04513572011110425
Türkiye,1990,0.21952615112605992
Türkiye,1991,0.22679472134126277
Türkiye,1992,0.23313248256892952
Türkiye,1993,0.24077174649845834
Türkiye,1994,0.2343878300250214
Türkiye,1995,0.24824890883693332
Türkiye,1996,0.26758138626218547
Türkiye,1997,0.2788138405457877
Türkiye,1998,0.280318958801664
Türkiye,1999,0.27777679906588143
Türkiye,2000,0.29891675470246365
Türkiye,2001,0.2797401377805141
Türkiye,2002,0.28562336519140374
Türkiye,2003,0.304794787500388
Türkiye,2004,0.3144235699839391
Türkiye,2005,0.3375749984925617
Türkiye,2006,0.3580025346816609
Türkiye,2007,0.39169700590430784
Türkiye,2008,0.3884945562948762
Türkiye,2009,0.3951771412461563
Türkiye,2010,0.3987931646940703
Türkiye,2011,0.42861758908131337
Türkiye,2012,0.4481844581338876
Türkiye,2013,0.4401953008341929
Türkiye,2014,0.4594895079787362
Türkiye,2015,0.4749675348442466
Türkiye,2016,0.5011079064454113
Türkiye,2017,0.5285659289023875
Türkiye,2018,0.5231080336552367
Türkiye,2019,0.5087258734768983
Türkiye,2020,0.5239908166553155
Türkiye,2021,0.564389749886679
Ukraine,1990,0.9428004688064854
Ukraine,1991,0.8564256225579284
Ukraine,1992,0.8012745919184915
Ukraine,1993,0.7110812134404344
Ukraine,1994,0.6049131894047893
Ukraine,1995,0.562107576419616
Ukraine,1996,0.5154214992311633
Ukraine,1997,0.499632651769265
Ukraine,1998,0.48091302024836424
Ukraine,1999,0.4497690625475325
Ukraine,2000,0.4279172421234343
Ukraine,2001,0.445990655048872
Ukraine,2002,0.43103449361054824
Ukraine,2003,0.4403117822069511
Ukraine,2004,0.443118425964255
Ukraine,2005,0.4424020132874031
Ukraine,2006,0.4600356434811943
Ukraine,2007,0.46341536445279036
Ukraine,2008,0.45114547876716127
Ukraine,2009,0.3905330874420304
Ukraine,2010,0.4073457548424824
Ukraine,2011,0.42874900427914353
Ukraine,2012,0.41783180039365125
Ukraine,2013,0.40924315910859643
Ukraine,2014,0.36274771570374925
Ukraine,2015,0.3191665847861952
Ukraine,2016,0.33760614987486665
Ukraine,2017,0.3232865907584449
Ukraine,2018,0.33981524372058003
Ukraine,2019,0.3341181083565401
Ukraine,2020,0.31803494780847713
Ukraine,2021,0.32725876554763195
United Kingdom of Great Britain and Northern Ireland,1990,0.806301842515123
United Kingdom of Great Britain and Northern Ireland,1991,0.8151700240455333
United Kingdom of Great Britain and Northern Ireland,1992,0.7948995204928619
United Kingdom of Great Britain and Northern Ireland,1993,0.7759327994165695
United Kingdom of Great Britain and Northern Ireland,1994,0.7637241129270965
United Kingdom of Great Britain and Northern Ireland,1995,0.7576442164086263
United Kingdom of Great Britain and Northern Ireland,1996,0.7783847256307075
United Kingdom of Great Britain and Northern Ireland,1997,0.7542259409964629
United Kingdom of Great Britain and Northern Ireland,1998,0.7528068427712182
United Kingdom of Great Britain and Northern Ireland,1999,0.7238016087856126
United Kingdom of Great Britain and Northern Ireland,2000,0.723919576159444
United Kingdom of Great Britain and Northern Ireland,2001,0.7270635431130177
United Kingdom of Great Britain and Northern Ireland,2002,0.705879637270556
United Kingdom of Great Britain and Northern Ireland,2003,0.7113132853928951
United Kingdom of Great Britain and Northern Ireland,2004,0.7079309701271876
United Kingdom of Great Britain and Northern Ireland,2005,0.6995953911501079
United Kingdom of Great Britain and Northern Ireland,2006,0.6921954770792079
United Kingdom of Great Britain and Northern Ireland,2007,0.6800313478417546
United Kingdom of Great Britain and Northern Ireland,2008,0.6587273056771085
United Kingdom of Great Britain and Northern Ireland,2009,0.6019003135139762
United Kingdom of Great Britain and Northern Ireland,2010,0.6157245868550019
United Kingdom of Great Britain and Northern Ireland,2011,0.5702335164931704
United Kingdom of Great Britain and Northern Ireland,2012,0.5863284828371987
United Kingdom of Great Britain and Northern Ireland,2013,0.5720406618381899
United Kingdom of Great Britain and Northern Ireland,2014,0.5314301615403543
United Kingdom of Great Britain and Northern Ireland,2015,0.5138801932169187
United Kingdom of Great Britain and Northern Ireland,2016,0.48830930658586624
United Kingdom of Great Britain and Northern Ireland,2017,0.47687421486527587
United Kingdom of Great Britain and Northern Ireland,2018,0.4678699513153275
United Kingdom of Great Britain and Northern Ireland,2019,0.453233646267804
United Kingdom of Great Britain and Northern Ireland,2020,0.40896507661368015
United Kingdom of Great Britain and Northern Ireland,2021,0.4294894710985237
United States of America,1990,6.4873309482858525
United States of America,1991,6.418406190288614
United States of America,1992,6.534880126584912
United States of America,1993,6.639525504805794
United States of America,1994,6.745166790661121
United States of America,1995,6.821933717562939
United States of America,1996,7.023529628665775
United States of America,1997,7.079206863335177
United States of America,1998,7.124684268126308
United States of America,1999,7.169885427989543
United States of America,2000,7.369162971771562
United States of America,2001,7.253522307974801
United States of America,2002,7.293277737442325
United States of America,2003,7.352702361115053
United States of America,2004,7.464364918375174
United States of America,2005,7.477358360841533
United States of America,2006,7.407921495273626
United States of America,2007,7.511447957796066
United States of America,2008,7.294541719409942
United States of America,2009,6.840741542040688
United States of America,2010,7.058197908345731
United States of America,2011,6.907203235707216
United States of America,2012,6.670533532336505
United States of America,2013,6.841661092986665
United States of America,2014,6.89852559577771
United States of America,2015,6.737358643793829
United States of America,2016,6.578432361728993
United States of America,2017,6.561824439819123
United States of America,2018,6.7548316478202315
United States of America,2019,6.617916875843014
United States of America,2020,6.025973612736474
United States of America,2021,6.34022829230889
